<?xml version="1.0" encoding="UTF-8" ?>
<!DOCTYPE mapper
  PUBLIC "-//mybatis.org//DTD Mapper 3.0//EN"
  "http://mybatis.org/dtd/mybatis-3-mapper.dtd">
<mapper namespace="com.mycompany.board2.mapper.BoardMapper">

	<insert id="insertBoard">
		insert into board(num,pwd,title,writer,content)
		values(
			(select nvl(max(num),0)+1 num from board),
			#{pwd}, #{title}, #{writer}, #{content}
		)
	</insert>

	<select id="countBoard" resultType="int">
		select count(*) as cnt from board
	</select>

	<select id="listBoard" parameterType="hashmap"
		resultType="com.mycompany.board2.db.BoardDto">
		<![CDATA[
			SELECT *
			FROM (SELECT rownum as rnum, A.*
			      FROM (SELECT * FROM board ORDER BY num DESC) A
			      WHERE rownum <= #{end})
			WHERE rnum >= #{begin}
		]]>
	</select>

	<update id="updateHit" parameterType="int">
		update board set hit=hit+1
		where num=#{num}
	</update>

	<select id="readBoard" parameterType="int" resultType="com.mycompany.board2.db.BoardDto">
		select * from board where num=#{num}
	</select>

	<update id="updateBoard">
		update board
		set title=#{title}, writer=#{writer}, content=#{content},
			regdate=sysdate
		where num=#{num} and pwd=#{pwd}
	</update>

	<delete id="deleteBoard">
		delete from board
		where num=#{num} and pwd=#{pwd}
	</delete>

</mapper>




